<?xml version="1.0" encoding="UTF-8"?>
  <SupportAssistPrebootDiagnosticLog>
    <Schema>1.0.0</Schema>
    <LogNumber>24</LogNumber>
    <LogTimeStamp>12/16/2022 21:22:32</LogTimeStamp>
    <ePSA_Data>
      <Result>Not Reported</Result>
      <ReturnCode>BOOT_HOST_OS</ReturnCode>
      <ePSAFullVersion>4304.07</ePSAFullVersion>
      <ePSAInvocationCount>4</ePSAInvocationCount>
    </ePSA_Data>
    <BIOS_Data>
      <ErrorCategory>MEMORY_CONFIG</ErrorCategory>
      <ErrorMessage><![CDATA[Alert! The amount of system memory has changed.]]></ErrorMessage>
      <SOS_Available>FALSE</SOS_Available>
      <TimeOutSeconds>0</TimeOutSeconds>
    </BIOS_Data>
  </SupportAssistPrebootDiagnosticLog>
